USE [db_raza_bordir]
GO
SET IDENTITY_INSERT [dbo].[Customers] ON 

INSERT [dbo].[Customers] ([customer_id], [username], [phone], [password], [address], [age]) VALUES (8, N'Aji Saka', N'990', N'dummy-password                                              ', N'Jl Kam', 20)
INSERT [dbo].[Customers] ([customer_id], [username], [phone], [password], [address], [age]) VALUES (9, N'Zero', N'223', N'dummy-password                                              ', N'Gahah', 20)
INSERT [dbo].[Customers] ([customer_id], [username], [phone], [password], [address], [age]) VALUES (10, N'Kakaka', N'31313', N'dummy-password                                              ', N'Hajiku', 20)
INSERT [dbo].[Customers] ([customer_id], [username], [phone], [password], [address], [age]) VALUES (11, N'Joko', N'31313', N'dummy-password                                              ', N'Hajiku', 20)
INSERT [dbo].[Customers] ([customer_id], [username], [phone], [password], [address], [age]) VALUES (12, N'Joko', N'31313', N'dummy-password                                              ', N'Hajiku', 20)
INSERT [dbo].[Customers] ([customer_id], [username], [phone], [password], [address], [age]) VALUES (13, N'Ara', N'31313', N'dummy-password                                              ', N'Hajiku', 20)
INSERT [dbo].[Customers] ([customer_id], [username], [phone], [password], [address], [age]) VALUES (14, N'Ara', N'31313', N'dummy-password                                              ', N'Hajiku', 20)
INSERT [dbo].[Customers] ([customer_id], [username], [phone], [password], [address], [age]) VALUES (16, N'Jarya', N'91291821982', N'dummy-password                                              ', N'Pucung Sangkar', 20)
SET IDENTITY_INSERT [dbo].[Customers] OFF
GO
SET IDENTITY_INSERT [dbo].[Products] ON 

INSERT [dbo].[Products] ([product_id], [name], [description], [start_price], [image]) VALUES (1, N'Kain', N'Ini bordir kain', CAST(30500.00 AS Decimal(7, 2)), N'kain-1.jpg')
INSERT [dbo].[Products] ([product_id], [name], [description], [start_price], [image]) VALUES (2, N'Tas', N'Ini bordir tas', CAST(42780.00 AS Decimal(7, 2)), N'tas-1.jpg')
INSERT [dbo].[Products] ([product_id], [name], [description], [start_price], [image]) VALUES (3, N'Baju', N'Ini bordir baju', CAST(23000.00 AS Decimal(7, 2)), N'baju-1.jpg')
INSERT [dbo].[Products] ([product_id], [name], [description], [start_price], [image]) VALUES (4, N'Celana', N'Ini bordir celana', CAST(27000.00 AS Decimal(7, 2)), N'celana-1.jpg')
INSERT [dbo].[Products] ([product_id], [name], [description], [start_price], [image]) VALUES (5, N'Nama', N'Ini bordir nama', CAST(5000.00 AS Decimal(7, 2)), N'nama-1.jpg')
INSERT [dbo].[Products] ([product_id], [name], [description], [start_price], [image]) VALUES (6, N'Pandel', N'Ini bordir pandel', CAST(5000.00 AS Decimal(7, 2)), N'pandel-1.jpg')
INSERT [dbo].[Products] ([product_id], [name], [description], [start_price], [image]) VALUES (7, N'Bendera pataka', N'Ini bordir pataka', CAST(34600.00 AS Decimal(7, 2)), N'bendera-pataka-1.jpg')
INSERT [dbo].[Products] ([product_id], [name], [description], [start_price], [image]) VALUES (8, N'Jilbab', N'Ini bordir jilbab', CAST(17200.00 AS Decimal(7, 2)), N'jilbab-1.jpg')
INSERT [dbo].[Products] ([product_id], [name], [description], [start_price], [image]) VALUES (13, N'Bordir kebaya', N'Ini adalah contoh bordir kebaya', CAST(78500.00 AS Decimal(7, 2)), N'6769b732eb9aa--kebaya.jpg')
INSERT [dbo].[Products] ([product_id], [name], [description], [start_price], [image]) VALUES (17, N'Bordir jok motor versi 2', N'Bordir jok motor ganti', CAST(28900.00 AS Decimal(7, 2)), N'676a3e15e6924--jok_motor_2.jpg')
SET IDENTITY_INSERT [dbo].[Products] OFF
GO
SET IDENTITY_INSERT [dbo].[Orders] ON 

INSERT [dbo].[Orders] ([order_id], [amount], [total_price], [order_date], [notes], [product_id], [customer_id], [design]) VALUES (3, 19, CAST(30000.00 AS Decimal(8, 2)), CAST(N'2024-12-23' AS Date), N'Ini keren', 1, 8, N'girl_2.jpg')
INSERT [dbo].[Orders] ([order_id], [amount], [total_price], [order_date], [notes], [product_id], [customer_id], [design]) VALUES (4, 36, CAST(30000.00 AS Decimal(8, 2)), CAST(N'2024-12-23' AS Date), N'Tolong desain dengan baik!', 4, 9, N'images (13).jpeg')
INSERT [dbo].[Orders] ([order_id], [amount], [total_price], [order_date], [notes], [product_id], [customer_id], [design]) VALUES (5, 316, CAST(30000.00 AS Decimal(8, 2)), CAST(N'2024-12-23' AS Date), N'Segera buat!!!', 2, 10, N'images (10).jpeg')
INSERT [dbo].[Orders] ([order_id], [amount], [total_price], [order_date], [notes], [product_id], [customer_id], [design]) VALUES (6, 316, CAST(30000.00 AS Decimal(8, 2)), CAST(N'2024-12-23' AS Date), N'Kain 2', 1, 11, N'images (10).jpeg')
INSERT [dbo].[Orders] ([order_id], [amount], [total_price], [order_date], [notes], [product_id], [customer_id], [design]) VALUES (7, 316, CAST(30000.00 AS Decimal(8, 2)), CAST(N'2024-12-23' AS Date), N'Kain 3', 1, 11, N'images (10).jpeg')
INSERT [dbo].[Orders] ([order_id], [amount], [total_price], [order_date], [notes], [product_id], [customer_id], [design]) VALUES (8, 316, CAST(30000.00 AS Decimal(8, 2)), CAST(N'2024-12-23' AS Date), N'Baju 2', 3, 13, N'images (10).jpeg')
INSERT [dbo].[Orders] ([order_id], [amount], [total_price], [order_date], [notes], [product_id], [customer_id], [design]) VALUES (9, 316, CAST(30000.00 AS Decimal(8, 2)), CAST(N'2024-12-23' AS Date), N'Baju 2', 3, 13, N'images (10).jpeg')
INSERT [dbo].[Orders] ([order_id], [amount], [total_price], [order_date], [notes], [product_id], [customer_id], [design]) VALUES (10, 3, CAST(91500.00 AS Decimal(8, 2)), CAST(N'2024-12-01' AS Date), N'Custom logo', 1, 8, N'Logo1.jpg')
INSERT [dbo].[Orders] ([order_id], [amount], [total_price], [order_date], [notes], [product_id], [customer_id], [design]) VALUES (11, 2, CAST(85560.00 AS Decimal(8, 2)), CAST(N'2024-12-02' AS Date), N'Special size', 2, 9, N'Design2.jpg')
INSERT [dbo].[Orders] ([order_id], [amount], [total_price], [order_date], [notes], [product_id], [customer_id], [design]) VALUES (12, 5, CAST(115000.00 AS Decimal(8, 2)), CAST(N'2024-12-03' AS Date), N'Bulk order', 5, 10, N'Name3.jpg')
INSERT [dbo].[Orders] ([order_id], [amount], [total_price], [order_date], [notes], [product_id], [customer_id], [design]) VALUES (13, 4, CAST(68000.00 AS Decimal(8, 2)), CAST(N'2024-12-04' AS Date), N'Regular order', 4, 11, N'Pants4.jpg')
INSERT [dbo].[Orders] ([order_id], [amount], [total_price], [order_date], [notes], [product_id], [customer_id], [design]) VALUES (14, 3, CAST(60000.00 AS Decimal(8, 2)), CAST(N'2024-12-06' AS Date), N'Retail design', 3, 13, N'Shirt6.jpg')
INSERT [dbo].[Orders] ([order_id], [amount], [total_price], [order_date], [notes], [product_id], [customer_id], [design]) VALUES (15, 2, CAST(50000.00 AS Decimal(8, 2)), CAST(N'2024-12-07' AS Date), N'Event banner', 7, 14, N'Pataka7.jpg')
INSERT [dbo].[Orders] ([order_id], [amount], [total_price], [order_date], [notes], [product_id], [customer_id], [design]) VALUES (16, 4, CAST(68800.00 AS Decimal(8, 2)), CAST(N'2024-12-08' AS Date), N'Scarf customization', 8, 8, N'Jilbab8.jpg')
INSERT [dbo].[Orders] ([order_id], [amount], [total_price], [order_date], [notes], [product_id], [customer_id], [design]) VALUES (17, 2, CAST(160000.00 AS Decimal(8, 2)), CAST(N'2024-12-09' AS Date), N'Birthday special', 6, 12, N'Special9.jpg')
INSERT [dbo].[Orders] ([order_id], [amount], [total_price], [order_date], [notes], [product_id], [customer_id], [design]) VALUES (18, 2, CAST(91500.00 AS Decimal(8, 2)), CAST(N'2024-12-11' AS Date), N'Custom embroidery on fabric', 1, 8, N'Fabric1.jpg')
INSERT [dbo].[Orders] ([order_id], [amount], [total_price], [order_date], [notes], [product_id], [customer_id], [design]) VALUES (19, 3, CAST(128340.00 AS Decimal(8, 2)), CAST(N'2024-12-12' AS Date), N'Leather bag design', 2, 9, N'LeatherBag2.jpg')
INSERT [dbo].[Orders] ([order_id], [amount], [total_price], [order_date], [notes], [product_id], [customer_id], [design]) VALUES (20, 4, CAST(92000.00 AS Decimal(8, 2)), CAST(N'2024-12-13' AS Date), N'Sport jersey customization', 3, 10, N'Jersey3.jpg')
INSERT [dbo].[Orders] ([order_id], [amount], [total_price], [order_date], [notes], [product_id], [customer_id], [design]) VALUES (21, 1, CAST(27000.00 AS Decimal(8, 2)), CAST(N'2024-12-14' AS Date), N'Standard pant customization', 4, 11, N'Pant4.jpg')
INSERT [dbo].[Orders] ([order_id], [amount], [total_price], [order_date], [notes], [product_id], [customer_id], [design]) VALUES (22, 5, CAST(25000.00 AS Decimal(8, 2)), CAST(N'2024-12-15' AS Date), N'Name stitching on clothes', 5, 12, N'Name5.jpg')
INSERT [dbo].[Orders] ([order_id], [amount], [total_price], [order_date], [notes], [product_id], [customer_id], [design]) VALUES (23, 6, CAST(138000.00 AS Decimal(8, 2)), CAST(N'2024-12-16' AS Date), N'Customized jackets for team', 6, 13, N'Jacket6.jpg')
INSERT [dbo].[Orders] ([order_id], [amount], [total_price], [order_date], [notes], [product_id], [customer_id], [design]) VALUES (24, 2, CAST(43200.00 AS Decimal(8, 2)), CAST(N'2024-12-17' AS Date), N'Banner for event', 7, 14, N'Banner7.jpg')
INSERT [dbo].[Orders] ([order_id], [amount], [total_price], [order_date], [notes], [product_id], [customer_id], [design]) VALUES (25, 3, CAST(51600.00 AS Decimal(8, 2)), CAST(N'2024-12-18' AS Date), N'Silk scarf embroidery', 8, 8, N'Scarf8.jpg')
INSERT [dbo].[Orders] ([order_id], [amount], [total_price], [order_date], [notes], [product_id], [customer_id], [design]) VALUES (26, 4, CAST(108000.00 AS Decimal(8, 2)), CAST(N'2024-12-19' AS Date), N'Personalized gift box set', 2, 9, N'GiftBox2.jpg')
INSERT [dbo].[Orders] ([order_id], [amount], [total_price], [order_date], [notes], [product_id], [customer_id], [design]) VALUES (27, 5, CAST(34500.00 AS Decimal(8, 2)), CAST(N'2024-12-20' AS Date), N'Tote bag design', 7, 10, N'ToteBag7.jpg')
INSERT [dbo].[Orders] ([order_id], [amount], [total_price], [order_date], [notes], [product_id], [customer_id], [design]) VALUES (28, 3, CAST(34560.00 AS Decimal(8, 2)), CAST(N'2024-12-21' AS Date), N'Personalized T-shirt prints', 3, 11, N'Tshirt3.jpg')
INSERT [dbo].[Orders] ([order_id], [amount], [total_price], [order_date], [notes], [product_id], [customer_id], [design]) VALUES (29, 6, CAST(103200.00 AS Decimal(8, 2)), CAST(N'2024-12-22' AS Date), N'Corporate uniform set', 6, 12, N'Uniform6.jpg')
INSERT [dbo].[Orders] ([order_id], [amount], [total_price], [order_date], [notes], [product_id], [customer_id], [design]) VALUES (30, 2, CAST(38500.00 AS Decimal(8, 2)), CAST(N'2024-12-23' AS Date), N'Customized keychains', 5, 13, N'Keychain5.jpg')
INSERT [dbo].[Orders] ([order_id], [amount], [total_price], [order_date], [notes], [product_id], [customer_id], [design]) VALUES (31, 4, CAST(68000.00 AS Decimal(8, 2)), CAST(N'2024-12-24' AS Date), N'Gift hampers for wedding', 4, 14, N'Hampers4.jpg')
INSERT [dbo].[Orders] ([order_id], [amount], [total_price], [order_date], [notes], [product_id], [customer_id], [design]) VALUES (32, 1, CAST(25000.00 AS Decimal(8, 2)), CAST(N'2024-12-25' AS Date), N'Custom embroidery on apron', 3, 8, N'Apron3.jpg')
INSERT [dbo].[Orders] ([order_id], [amount], [total_price], [order_date], [notes], [product_id], [customer_id], [design]) VALUES (33, 5, CAST(175000.00 AS Decimal(8, 2)), CAST(N'2024-12-26' AS Date), N'Wedding favor bags', 2, 9, N'WeddingBags2.jpg')
INSERT [dbo].[Orders] ([order_id], [amount], [total_price], [order_date], [notes], [product_id], [customer_id], [design]) VALUES (34, 2, CAST(34000.00 AS Decimal(8, 2)), CAST(N'2024-12-27' AS Date), N'Personalized pillow covers', 8, 10, N'Pillow8.jpg')
INSERT [dbo].[Orders] ([order_id], [amount], [total_price], [order_date], [notes], [product_id], [customer_id], [design]) VALUES (35, 3, CAST(76500.00 AS Decimal(8, 2)), CAST(N'2024-12-28' AS Date), N'Customized coat embroidery', 4, 11, N'Coat4.jpg')
INSERT [dbo].[Orders] ([order_id], [amount], [total_price], [order_date], [notes], [product_id], [customer_id], [design]) VALUES (36, 6, CAST(153000.00 AS Decimal(8, 2)), CAST(N'2024-12-29' AS Date), N'Uniform set for team event', 6, 12, N'TeamUniform6.jpg')
INSERT [dbo].[Orders] ([order_id], [amount], [total_price], [order_date], [notes], [product_id], [customer_id], [design]) VALUES (37, 4, CAST(54000.00 AS Decimal(8, 2)), CAST(N'2024-12-30' AS Date), N'Custom-made caps', 7, 13, N'Cap7.jpg')
INSERT [dbo].[Orders] ([order_id], [amount], [total_price], [order_date], [notes], [product_id], [customer_id], [design]) VALUES (38, 1, CAST(30500.00 AS Decimal(8, 2)), CAST(N'2024-10-01' AS Date), N'Custom fabric for dress', 1, 8, N'Fabric1.jpg')
INSERT [dbo].[Orders] ([order_id], [amount], [total_price], [order_date], [notes], [product_id], [customer_id], [design]) VALUES (39, 3, CAST(128340.00 AS Decimal(8, 2)), CAST(N'2024-10-02' AS Date), N'Bag with personalized design', 2, 9, N'LeatherBag2.jpg')
INSERT [dbo].[Orders] ([order_id], [amount], [total_price], [order_date], [notes], [product_id], [customer_id], [design]) VALUES (40, 2, CAST(46000.00 AS Decimal(8, 2)), CAST(N'2024-10-03' AS Date), N'Football jersey embroidery', 3, 10, N'Jersey3.jpg')
INSERT [dbo].[Orders] ([order_id], [amount], [total_price], [order_date], [notes], [product_id], [customer_id], [design]) VALUES (41, 5, CAST(135000.00 AS Decimal(8, 2)), CAST(N'2024-10-04' AS Date), N'Customized work pants', 4, 11, N'Pant4.jpg')
INSERT [dbo].[Orders] ([order_id], [amount], [total_price], [order_date], [notes], [product_id], [customer_id], [design]) VALUES (42, 4, CAST(20000.00 AS Decimal(8, 2)), CAST(N'2024-10-05' AS Date), N'Name embroidery on T-shirt', 5, 12, N'Name5.jpg')
INSERT [dbo].[Orders] ([order_id], [amount], [total_price], [order_date], [notes], [product_id], [customer_id], [design]) VALUES (43, 3, CAST(69000.00 AS Decimal(8, 2)), CAST(N'2024-10-06' AS Date), N'Customized jacket for group', 6, 13, N'Jacket6.jpg')
INSERT [dbo].[Orders] ([order_id], [amount], [total_price], [order_date], [notes], [product_id], [customer_id], [design]) VALUES (44, 2, CAST(69200.00 AS Decimal(8, 2)), CAST(N'2024-10-07' AS Date), N'Banner for upcoming event', 7, 14, N'Banner7.jpg')
INSERT [dbo].[Orders] ([order_id], [amount], [total_price], [order_date], [notes], [product_id], [customer_id], [design]) VALUES (45, 6, CAST(103200.00 AS Decimal(8, 2)), CAST(N'2024-10-08' AS Date), N'Special embroidery on silk scarves', 8, 8, N'Scarf8.jpg')
INSERT [dbo].[Orders] ([order_id], [amount], [total_price], [order_date], [notes], [product_id], [customer_id], [design]) VALUES (46, 4, CAST(108000.00 AS Decimal(8, 2)), CAST(N'2024-10-09' AS Date), N'Customized gift box sets for clients', 2, 9, N'GiftBox2.jpg')
INSERT [dbo].[Orders] ([order_id], [amount], [total_price], [order_date], [notes], [product_id], [customer_id], [design]) VALUES (47, 3, CAST(27600.00 AS Decimal(8, 2)), CAST(N'2024-10-10' AS Date), N'Tote bags for charity event', 7, 10, N'ToteBag7.jpg')
INSERT [dbo].[Orders] ([order_id], [amount], [total_price], [order_date], [notes], [product_id], [customer_id], [design]) VALUES (48, 1, CAST(23000.00 AS Decimal(8, 2)), CAST(N'2024-10-11' AS Date), N'Personalized T-shirt prints for event', 3, 11, N'Tshirt3.jpg')
INSERT [dbo].[Orders] ([order_id], [amount], [total_price], [order_date], [notes], [product_id], [customer_id], [design]) VALUES (49, 5, CAST(92000.00 AS Decimal(8, 2)), CAST(N'2024-10-12' AS Date), N'Corporate uniform design', 6, 12, N'Uniform6.jpg')
INSERT [dbo].[Orders] ([order_id], [amount], [total_price], [order_date], [notes], [product_id], [customer_id], [design]) VALUES (50, 2, CAST(65000.00 AS Decimal(8, 2)), CAST(N'2024-10-13' AS Date), N'Customized keychains for giveaways', 5, 13, N'Keychain5.jpg')
INSERT [dbo].[Orders] ([order_id], [amount], [total_price], [order_date], [notes], [product_id], [customer_id], [design]) VALUES (51, 4, CAST(54000.00 AS Decimal(8, 2)), CAST(N'2024-10-14' AS Date), N'Gift hampers for anniversary', 4, 14, N'Hampers4.jpg')
INSERT [dbo].[Orders] ([order_id], [amount], [total_price], [order_date], [notes], [product_id], [customer_id], [design]) VALUES (52, 3, CAST(69000.00 AS Decimal(8, 2)), CAST(N'2024-11-01' AS Date), N'Embroidery on aprons', 3, 8, N'Apron3.jpg')
INSERT [dbo].[Orders] ([order_id], [amount], [total_price], [order_date], [notes], [product_id], [customer_id], [design]) VALUES (53, 6, CAST(103200.00 AS Decimal(8, 2)), CAST(N'2024-11-02' AS Date), N'Wedding favor bags design', 2, 9, N'WeddingBags2.jpg')
INSERT [dbo].[Orders] ([order_id], [amount], [total_price], [order_date], [notes], [product_id], [customer_id], [design]) VALUES (54, 5, CAST(78000.00 AS Decimal(8, 2)), CAST(N'2024-11-03' AS Date), N'Pillow cover embroidery for home decor', 8, 10, N'Pillow8.jpg')
INSERT [dbo].[Orders] ([order_id], [amount], [total_price], [order_date], [notes], [product_id], [customer_id], [design]) VALUES (55, 4, CAST(108000.00 AS Decimal(8, 2)), CAST(N'2024-11-04' AS Date), N'Coat embroidery design for winter', 4, 11, N'Coat4.jpg')
INSERT [dbo].[Orders] ([order_id], [amount], [total_price], [order_date], [notes], [product_id], [customer_id], [design]) VALUES (56, 3, CAST(76500.00 AS Decimal(8, 2)), CAST(N'2024-11-05' AS Date), N'Customized team uniforms for company event', 6, 12, N'TeamUniform6.jpg')
INSERT [dbo].[Orders] ([order_id], [amount], [total_price], [order_date], [notes], [product_id], [customer_id], [design]) VALUES (57, 5, CAST(175000.00 AS Decimal(8, 2)), CAST(N'2024-11-06' AS Date), N'Custom-made hats for brand launch', 7, 13, N'Cap7.jpg')
INSERT [dbo].[Orders] ([order_id], [amount], [total_price], [order_date], [notes], [product_id], [customer_id], [design]) VALUES (58, 3, CAST(91500.00 AS Decimal(8, 2)), CAST(N'2024-09-01' AS Date), N'Custom fabric embroidery for dress', 1, 8, N'Fabric1.jpg')
INSERT [dbo].[Orders] ([order_id], [amount], [total_price], [order_date], [notes], [product_id], [customer_id], [design]) VALUES (59, 2, CAST(85560.00 AS Decimal(8, 2)), CAST(N'2024-09-02' AS Date), N'Custom design for leather bag', 2, 9, N'LeatherBag2.jpg')
INSERT [dbo].[Orders] ([order_id], [amount], [total_price], [order_date], [notes], [product_id], [customer_id], [design]) VALUES (60, 5, CAST(115000.00 AS Decimal(8, 2)), CAST(N'2024-09-03' AS Date), N'Embroidery on football jersey', 3, 10, N'Jersey3.jpg')
INSERT [dbo].[Orders] ([order_id], [amount], [total_price], [order_date], [notes], [product_id], [customer_id], [design]) VALUES (61, 4, CAST(68000.00 AS Decimal(8, 2)), CAST(N'2024-09-04' AS Date), N'Personalized pants design', 4, 11, N'Pant4.jpg')
INSERT [dbo].[Orders] ([order_id], [amount], [total_price], [order_date], [notes], [product_id], [customer_id], [design]) VALUES (62, 1, CAST(25000.00 AS Decimal(8, 2)), CAST(N'2024-09-05' AS Date), N'Name embroidery on T-shirt', 5, 12, N'Name5.jpg')
INSERT [dbo].[Orders] ([order_id], [amount], [total_price], [order_date], [notes], [product_id], [customer_id], [design]) VALUES (63, 3, CAST(69000.00 AS Decimal(8, 2)), CAST(N'2024-09-06' AS Date), N'Customized jacket for group', 6, 13, N'Jacket6.jpg')
INSERT [dbo].[Orders] ([order_id], [amount], [total_price], [order_date], [notes], [product_id], [customer_id], [design]) VALUES (64, 2, CAST(43200.00 AS Decimal(8, 2)), CAST(N'2024-09-07' AS Date), N'Banner design for event', 7, 14, N'Banner7.jpg')
INSERT [dbo].[Orders] ([order_id], [amount], [total_price], [order_date], [notes], [product_id], [customer_id], [design]) VALUES (65, 4, CAST(68800.00 AS Decimal(8, 2)), CAST(N'2024-09-08' AS Date), N'Personalized silk scarf design', 8, 8, N'Scarf8.jpg')
INSERT [dbo].[Orders] ([order_id], [amount], [total_price], [order_date], [notes], [product_id], [customer_id], [design]) VALUES (66, 5, CAST(34500.00 AS Decimal(8, 2)), CAST(N'2024-09-09' AS Date), N'Personalized gift boxes for clients', 2, 9, N'GiftBox2.jpg')
INSERT [dbo].[Orders] ([order_id], [amount], [total_price], [order_date], [notes], [product_id], [customer_id], [design]) VALUES (67, 6, CAST(103200.00 AS Decimal(8, 2)), CAST(N'2024-09-10' AS Date), N'Tote bags with event design', 7, 10, N'ToteBag7.jpg')
INSERT [dbo].[Orders] ([order_id], [amount], [total_price], [order_date], [notes], [product_id], [customer_id], [design]) VALUES (68, 3, CAST(34560.00 AS Decimal(8, 2)), CAST(N'2024-09-11' AS Date), N'T-shirt embroidery for charity event', 3, 11, N'Tshirt3.jpg')
INSERT [dbo].[Orders] ([order_id], [amount], [total_price], [order_date], [notes], [product_id], [customer_id], [design]) VALUES (69, 2, CAST(43200.00 AS Decimal(8, 2)), CAST(N'2024-09-12' AS Date), N'Company uniform design', 6, 12, N'Uniform6.jpg')
INSERT [dbo].[Orders] ([order_id], [amount], [total_price], [order_date], [notes], [product_id], [customer_id], [design]) VALUES (70, 4, CAST(54000.00 AS Decimal(8, 2)), CAST(N'2024-09-13' AS Date), N'Customized keychains for giveaway', 5, 13, N'Keychain5.jpg')
INSERT [dbo].[Orders] ([order_id], [amount], [total_price], [order_date], [notes], [product_id], [customer_id], [design]) VALUES (71, 3, CAST(76500.00 AS Decimal(8, 2)), CAST(N'2024-09-14' AS Date), N'Gift hampers for anniversary', 4, 14, N'Hampers4.jpg')
INSERT [dbo].[Orders] ([order_id], [amount], [total_price], [order_date], [notes], [product_id], [customer_id], [design]) VALUES (72, 2, CAST(91500.00 AS Decimal(8, 2)), CAST(N'2024-11-01' AS Date), N'Custom embroidery for apron', 1, 8, N'Apron3.jpg')
INSERT [dbo].[Orders] ([order_id], [amount], [total_price], [order_date], [notes], [product_id], [customer_id], [design]) VALUES (73, 3, CAST(76500.00 AS Decimal(8, 2)), CAST(N'2024-11-02' AS Date), N'Wedding favor bag design', 2, 9, N'WeddingBags2.jpg')
INSERT [dbo].[Orders] ([order_id], [amount], [total_price], [order_date], [notes], [product_id], [customer_id], [design]) VALUES (74, 4, CAST(46000.00 AS Decimal(8, 2)), CAST(N'2024-11-03' AS Date), N'Silk pillow covers embroidery', 8, 10, N'Pillow8.jpg')
INSERT [dbo].[Orders] ([order_id], [amount], [total_price], [order_date], [notes], [product_id], [customer_id], [design]) VALUES (75, 2, CAST(52000.00 AS Decimal(8, 2)), CAST(N'2024-11-04' AS Date), N'Coat embroidery for winter season', 4, 11, N'Coat4.jpg')
INSERT [dbo].[Orders] ([order_id], [amount], [total_price], [order_date], [notes], [product_id], [customer_id], [design]) VALUES (76, 5, CAST(115000.00 AS Decimal(8, 2)), CAST(N'2024-11-05' AS Date), N'Corporate team uniform design', 6, 12, N'TeamUniform6.jpg')
INSERT [dbo].[Orders] ([order_id], [amount], [total_price], [order_date], [notes], [product_id], [customer_id], [design]) VALUES (77, 3, CAST(23000.00 AS Decimal(8, 2)), CAST(N'2024-11-06' AS Date), N'Custom hats for store opening', 7, 13, N'Cap7.jpg')
INSERT [dbo].[Orders] ([order_id], [amount], [total_price], [order_date], [notes], [product_id], [customer_id], [design]) VALUES (78, 1, CAST(30500.00 AS Decimal(8, 2)), CAST(N'2024-11-07' AS Date), N'Custom fabric design for dress', 1, 8, N'Fabric1.jpg')
INSERT [dbo].[Orders] ([order_id], [amount], [total_price], [order_date], [notes], [product_id], [customer_id], [design]) VALUES (79, 2, CAST(42780.00 AS Decimal(8, 2)), CAST(N'2024-11-08' AS Date), N'Personalized bags for promotion', 2, 9, N'LeatherBag2.jpg')
INSERT [dbo].[Orders] ([order_id], [amount], [total_price], [order_date], [notes], [product_id], [customer_id], [design]) VALUES (80, 4, CAST(54000.00 AS Decimal(8, 2)), CAST(N'2024-11-09' AS Date), N'Personalized pants with embroidery', 4, 10, N'Pant4.jpg')
INSERT [dbo].[Orders] ([order_id], [amount], [total_price], [order_date], [notes], [product_id], [customer_id], [design]) VALUES (81, 3, CAST(69000.00 AS Decimal(8, 2)), CAST(N'2024-11-10' AS Date), N'Customized jacket for event', 6, 11, N'Jacket6.jpg')
INSERT [dbo].[Orders] ([order_id], [amount], [total_price], [order_date], [notes], [product_id], [customer_id], [design]) VALUES (82, 5, CAST(115000.00 AS Decimal(8, 2)), CAST(N'2024-11-11' AS Date), N'Customized embroidered shirts for company', 5, 12, N'Name5.jpg')
INSERT [dbo].[Orders] ([order_id], [amount], [total_price], [order_date], [notes], [product_id], [customer_id], [design]) VALUES (83, 2, CAST(86000.00 AS Decimal(8, 2)), CAST(N'2024-11-12' AS Date), N'Tote bags for special event', 7, 13, N'ToteBag7.jpg')
INSERT [dbo].[Orders] ([order_id], [amount], [total_price], [order_date], [notes], [product_id], [customer_id], [design]) VALUES (84, 6, CAST(120000.00 AS Decimal(8, 2)), CAST(N'2024-11-13' AS Date), N'Embroidery on silk scarf', 8, 14, N'Scarf8.jpg')
INSERT [dbo].[Orders] ([order_id], [amount], [total_price], [order_date], [notes], [product_id], [customer_id], [design]) VALUES (85, 4, CAST(54000.00 AS Decimal(8, 2)), CAST(N'2024-11-14' AS Date), N'Personalized gift box set', 2, 8, N'GiftBox2.jpg')
INSERT [dbo].[Orders] ([order_id], [amount], [total_price], [order_date], [notes], [product_id], [customer_id], [design]) VALUES (86, 3, CAST(46000.00 AS Decimal(8, 2)), CAST(N'2024-11-15' AS Date), N'Event banner design', 7, 9, N'Banner7.jpg')
INSERT [dbo].[Orders] ([order_id], [amount], [total_price], [order_date], [notes], [product_id], [customer_id], [design]) VALUES (87, 5, CAST(175000.00 AS Decimal(8, 2)), CAST(N'2024-11-16' AS Date), N'Customized keychains for conference', 5, 10, N'Keychain5.jpg')
INSERT [dbo].[Orders] ([order_id], [amount], [total_price], [order_date], [notes], [product_id], [customer_id], [design]) VALUES (88, 4, CAST(54000.00 AS Decimal(8, 2)), CAST(N'2024-11-17' AS Date), N'Custom coats for winter season', 4, 11, N'Coat4.jpg')
INSERT [dbo].[Orders] ([order_id], [amount], [total_price], [order_date], [notes], [product_id], [customer_id], [design]) VALUES (89, 2, CAST(46000.00 AS Decimal(8, 2)), CAST(N'2024-11-18' AS Date), N'Personalized keychains for giveaway', 6, 12, N'Keychain5.jpg')
INSERT [dbo].[Orders] ([order_id], [amount], [total_price], [order_date], [notes], [product_id], [customer_id], [design]) VALUES (90, 3, CAST(76500.00 AS Decimal(8, 2)), CAST(N'2024-11-19' AS Date), N'Personalized T-shirts for event', 3, 13, N'Tshirt3.jpg')
INSERT [dbo].[Orders] ([order_id], [amount], [total_price], [order_date], [notes], [product_id], [customer_id], [design]) VALUES (91, 6, CAST(103200.00 AS Decimal(8, 2)), CAST(N'2024-11-20' AS Date), N'Corporate uniform set for event', 6, 14, N'Uniform6.jpg')
INSERT [dbo].[Orders] ([order_id], [amount], [total_price], [order_date], [notes], [product_id], [customer_id], [design]) VALUES (92, 5, CAST(125000.00 AS Decimal(8, 2)), CAST(N'2024-11-21' AS Date), N'Customized caps for promotion', 7, 8, N'Cap7.jpg')
INSERT [dbo].[Orders] ([order_id], [amount], [total_price], [order_date], [notes], [product_id], [customer_id], [design]) VALUES (93, 4, CAST(76000.00 AS Decimal(8, 2)), CAST(N'2024-11-22' AS Date), N'Custom embroidery for jackets', 4, 9, N'Jacket6.jpg')
INSERT [dbo].[Orders] ([order_id], [amount], [total_price], [order_date], [notes], [product_id], [customer_id], [design]) VALUES (94, 1, CAST(30500.00 AS Decimal(8, 2)), CAST(N'2024-11-23' AS Date), N'Custom embroidery for fabric', 1, 10, N'Fabric1.jpg')
INSERT [dbo].[Orders] ([order_id], [amount], [total_price], [order_date], [notes], [product_id], [customer_id], [design]) VALUES (96, 29, CAST(30000.00 AS Decimal(8, 2)), CAST(N'2024-12-24' AS Date), N'Ini bang!', 2, 16, N'676a4d2e2f9cd--arei-tas.jpeg')
SET IDENTITY_INSERT [dbo].[Orders] OFF
GO
SET IDENTITY_INSERT [dbo].[Admin] ON 

INSERT [dbo].[Admin] ([admin_id], [username], [password]) VALUES (1, N'Raza', N'$2y$10$3M3BNd6dQ0o9TlGTW/g61.1SJ5PVRXwR45.7osTcAjE0XC0uSH7cu')
SET IDENTITY_INSERT [dbo].[Admin] OFF
GO
